用户名,帖子内容,发布年份,发布日期,发布时间,转发数,评论数,点赞数
POPMART泡泡玛特,#小甜豆#｜我想每个冬天，都陪在你身边！将节日的温暖与甜蜜❤通通织进飘雪的冬天❄小甜豆想要永远陪伴在你身边一起点亮童话般的冬夜🎄共同许下我们的心愿！【小甜豆 属于你的节日系列】发售信息线上发售时间：2025年11月6日22:00（线上具体发售平台以平台信息为准）线下发售时间：2025年 ​  c,2025,10月31日,18:30,10,11,83
POPMART泡泡玛特,#小甜豆#｜这个季节，属于我们节日的钟声敲响时🔔彩带和雪花一起飘落❄小甜豆站在树下等待着🎄与你共度温暖冬日☃【小甜豆 属于你的节日系列】10月31日， 敬请期待！POPMART泡泡玛特超话 #小甜豆属于你的节日# ​,2025,10月28日,18:00,5,13,91
小陈头不秃_,好幸福，一拆盲盒件都忘记签了#小甜豆# ​,2025,11月10日,13:00,0,4,3
青栀子花啦,宝登源诗韵茶舍超话 变好从来不是脱离尘世的高雅，而是学会在粗粝中品出细腻。今日茶：乌梅桑葚红茶。#红茶##宝登源##每日一茶##小甜豆##爱的抱抱# ​,2025,8月30日,7:07,0,2,5
Friso美素佳儿,你家宝宝+源悦+泡泡玛特小甜豆=？美素佳儿源悦✖️泡泡玛特小甜豆开启【三好宝爆改公式】爆改小甜豆同款干饭宝、安睡宝、活力宝⬇️宝宝吃得好、睡得香、长得棒¹👏#美素佳儿源悦##爆改吃睡长全能三好宝##吃得好睡得香长得棒##泡泡玛特##小甜豆# LFriso美素佳儿的微博视频 ​,2025,9月9日,12:00,365,206,727
PBaixss,能买我开心 那就价值万金POPMART泡泡玛特超话#小甜豆##开心开心# ​,2025,11月22日,15:33,0,0,1
#NAME?,🎄#小甜豆# ​,2025,11月20日,22:47,0,1,1
_是妮yaaa,豆门信徒#小甜豆# ​,2025,11月20日,21:49,0,0,1
鱼丸布叮,【泡泡玛特圣诞小甜豆｜治愈系萌物温暖你的冬日！】🎄 泡泡玛特推出「小甜豆·属于你的节日」系列，用12+1款萌趣造型点亮圣诞季！热门款「天使的祝福」自带珠光翅膀，手捧迷你圣诞树瞬间治愈人心；「姜饼朋友」裹着珠光外衣藏在透明球中，灵动可爱；「雪人铃铛」系着植绒围巾，怀抱热可可软萌值拉满 ​  c,2025,11月19日,11:45,0,1,22
困了就睡老师的微博-,POPMART泡泡玛特超话  有人收吗 70包邮 #小甜豆# ​,2025,11月18日,18:33,0,1,1
