用户名,帖子内容,发布年份,发布日期,发布时间,转发数,评论数,点赞数,抓取时段
牛马一斤多少,Wechat ｜头像分享🩷skullpanda落入人间的小天使👼🏻手机壁纸#手机壁纸﻿##天使##泡泡玛特##skullpanda ##skullpanda壁纸##粉色壁纸# ​,2025,45986,12:00:00,0,11,1,2025-11-01_2025-11-26
英国伦敦Harrods,共话梦幻节日季，在哈罗德茶室「SKULLPANDA餐桌系列」下午茶，开启别具一格的沉浸式体验。📸小推车惊喜供应暖心热红酒，肉桂与橙香在空气中弥漫；特别设置的“泡泡茄盒”打卡区，融入 SKULLPANDA 形象的复古红框，营造自带优雅戏剧感的拍照场景。味觉惊喜与打卡趣味在此交织，节日仪式感悄然定格? ​  c,2025,45986,12:00:00,0,0,1,2025-11-01_2025-11-26
不熬夜的茶叶蛋哇,#skullpanda# 没有创作瓶颈的SP ​,2025,45985,7:44:00,0,0,0,2025-11-01_2025-11-26
Smiley50y,哈哈哈哈又抽到了最喜欢的#skullpanda# ​,2025,45984,18:53:00,0,0,0,2025-11-01_2025-11-26
POPMART泡泡玛特,POPMART泡泡玛特超话 银盘映烛光，盛宴启幕时！SKULLPANDA餐桌系列主题快闪亮相北京DT51！指尖拂过雕花杯盏，刀叉碰撞出金属的响声🍴#SKULLPANDA#化身优雅宴主带给你视觉与玩心的沉浸式体验！🕐活动时间：2025年11月21日-2026年1月21日📍活动地点：北京市朝阳区DT51-A1016铺位 ​,2025,45983,18:00:00,3,10,36,2025-11-01_2025-11-26
SsisSrr,#skullpanda# 四舍五入就是结婚照了(′▽`ʃ♡ƪ) ​,2025,45983,15:11:00,0,0,0,2025-11-01_2025-11-26
Okk_5,欧气满满！#skullpanda# ​,2025,45983,13:53:00,0,1,0,2025-11-01_2025-11-26
英国伦敦Harrods,「SKULLPANDA餐桌系列」特调鸡尾酒惊艳登场🍸晶莹果冻质地，打破常规。在风味的层层递进间，唤醒另一重自我。正如SKULLPANDA「一体两面」的独特魅力，在杯中碰撞出味蕾火花。篇章演进，风味之梦于杯盏间浮现。📍即刻前往哈罗德茶室大众点评官方页面查看菜单及预订⭐️茶室地址：上海市静安区 ​  c,2025,45982,18:00:00,0,0,0,2025-11-01_2025-11-26
gwaryang,#skullpanda# ​,2025,45982,17:41:00,0,0,3,2025-11-01_2025-11-26
POPMART泡泡玛特,POPMART泡泡玛特超话 α SKULLPANDA以瓷白的柔软质地收藏每一段黄昏絮语所有未言的静谧诗篇终成无声的拥抱沐浴月光 悄然而生MEGA α SKULLPANDA 400% 白月 正式上线#MEGA# #SKULLPANDA# ​,2025,45982,17:00:00,2,5,0,2025-11-01_2025-11-26
