发布者,发布时间,微博内容,转发,评论,点赞
见山又见海,2025/11/24 16:04,泡泡玛特超话 有没有能打包收走的 盒机转赠,,,赞
helloo-tt,2025/11/24 16:02,我也拥有了咕噜咕噜 炸毛炸的很可爱泡泡玛特超话,,,赞
书背退散1,2025/11/24 15:36,泡泡玛特超话 出你最珍贵labubu和molly，或者换dimoo和SP,,,赞
米妮达不溜,2025/11/24 15:21,泡泡玛特我真没招了，我最不想要的就是这个泡泡玛特超话,,,赞
今天有给家产写文吗,2025/11/24 15:15,泡泡玛特超话 收泡泡玛特dimoo雪球以及和金鱼通电话 最好两个一起,, 6,赞
肉小姐你别吃了,2025/11/24 14:48,泡泡玛特超话 ！字母挂件 Q想换R或者S 北京同城面交 拆盒未拆袋,,,赞
小羊失绵201905,2025/11/24 14:03,泡泡玛特超话 ➗,,,赞
小羊失绵201905,2025/11/24 14:00,泡泡玛特超话 ➗无盒有卡仅站柜布鲁托唐老鸭,,,赞
承载窝窝,2025/11/24 13:35,泡泡玛特超话收玫瑰 走pt 带价来,, 1,赞
L-7028_02,2025/11/24 13:15,#被骗的钱怎么追回？# 我和对方是微信认识的 他叫我去闲鱼上面帮她卖东西卖出去了，只需给他成本，我赚中间差价，后面他给那个人发了一个假品 然后那个人要投诉我，他叫我赶紧给人家退款，他会把成本钱退给我的 我给那个人退款后他就跑了泡泡玛特超话,, 8,1
